allK,k_mse
1,137200888.2754014
2,137325663.67665848
3,137357346.3685237
4,137367439.2842368
5,137436742.23232016
6,137414318.23497263
7,137456569.13816413
8,137605494.8645464
9,137519067.1194604
10,137611922.2467395
11,137615364.090909
12,137689920.1760407
13,137792554.20711556
14,137652780.29148126
15,137814022.9417393
16,137708882.88042507
17,137838799.16226858
18,137753222.87892136
19,137896356.19403037
20,137879800.51580793
