allK,k_mse
1,159030304.1389865
2,158973305.62464508
3,158956865.93057355
4,159071314.66654104
5,159212555.52024665
6,159065919.07763705
7,159157760.84156525
8,159082212.07853636
9,159009301.3880346
10,159160869.93613306
11,159109433.92942497
12,159145303.5939161
13,159288295.1897362
14,159306564.81178224
15,159400592.00184697
16,159418156.19860482
17,159564789.3625796
18,159511255.8242851
19,159493154.74627808
20,159642994.22348106
